DEP,salaire_moyen,ent_total,pop_totale,TPE,PME,ETI_GE,homme,femme,e2p,e1p,ac,ace,ase,str,solo,enfant,jeune_actif,actif,senior_actif,senior,ratio_solo,ratio_e2p,ratio_ase,ratio_e1p,ratio_ac,ratio_ace,ratio_str,ratio_femme,ratio_homme,ratio_ETI_GE,ratio_PME,ratio_TPE,ratio_enfant,ratio_jeune_actif,ratio_actif,ratio_senior_actif,ratio_senior,dep_name,region_name,densite,part_1624_pasetudes,chomage,part_jeunedip_pasetudes
01,13.654929577464788,23215,355654,7314,1866,37,173359,182295,85460,21288,82525,90263,13663,9825,52630,94217,64199,120883,20849,55506,0.1479809027875407,0.24028971978383484,0.03841655091746473,0.05985592739010386,0.23203731716780918,0.25379441817046905,0.027625163782777643,0.5125627716825903,0.4874372283174096,0.0015937971139349557,0.08037906525953048,0.3150549213870342,0.2649119649996907,0.1805097088743554,0.3398893306415786,0.05862158164958077,0.1560674138347945,Ain,Auvergne-Rhône-Alpes,112,19.9,6.5,41.4
02,12.123529411764705,12898,236890,4436,1056,33,112246,124644,48392,20070,54678,50757,12365,6878,43750,59621,43312,74677,15671,43609,0.18468487483642196,0.2042804677276373,0.05219722233948246,0.08472286715353118,0.2308159905441344,0.2142640043902233,0.02903457300856938,0.5261682637511081,0.4738317362488919,0.002558536207163901,0.08187315862924484,0.34392929136300204,0.2516822153742243,0.1828359154037739,0.31523914052935964,0.06615306682426443,0.18408966186837772,Aisne,Hauts-de-France,72,28.9,12.4,29.7
03,12.237037037037036,12565,183667,4058,927,26,85211,98456,28610,12621,52625,32997,8455,5033,43326,37108,27130,57740,14156,47533,0.23589430872176276,0.15577104215781823,0.04603439921161668,0.06871675369010219,0.28652398090021614,0.17965666124017923,0.02740285407830476,0.5360571033446401,0.46394289665536,0.002069239952248309,0.07377636291285317,0.32296060485475525,0.20203956072675006,0.14771298055720408,0.31437329514828466,0.07707427028263107,0.25879989328513014,Allier,Auvergne-Rhône-Alpes,46,24.4,9.3,33.4
04,12.879999999999999,8270,87711,2296,375,7,41858,45853,16177,5997,23828,18548,3985,2805,16371,19787,12964,28352,5784,20824,0.18664705681157437,0.18443524757442054,0.04543329798998985,0.06837226801655437,0.27166489949949263,0.21146720479757386,0.031980025310394365,0.5227736543877051,0.47722634561229493,0.0008464328899637243,0.04534461910519952,0.27762998790810156,0.22559314111114911,0.1478035822188779,0.32324337882363674,0.06594383828710196,0.2374160595592343,Alpes-de-Haute-Provence,Provence-Alpes-Côte d'Azur,24,22.7,10.1,37.2
05,11.963636363636363,7492,75869,2065,396,2,35988,39881,14527,5071,19414,16425,3464,2329,14639,17805,11327,25849,4903,15985,0.1929510076579367,0.19147477889520093,0.04565764673318483,0.0668388933556525,0.2558884392835018,0.216491584177991,0.03069764989653218,0.5256560650595105,0.47434393494048954,0.00026695141484249865,0.05285638013881474,0.27562733582487986,0.23468083143312815,0.14929681424560756,0.3407056900710435,0.06462455021154885,0.2106921140386719,Hautes-Alpes,Provence-Alpes-Côte d'Azur,25,18.0,8.4,41.7
06,15.25357142857143,118434,996186,28083,4638,93,469097,527089,187046,69965,243258,217274,47881,40982,189780,214571,166750,328213,61925,224727,0.19050659214243124,0.18776212474377274,0.04806431730620587,0.07023286815915904,0.24418933813564936,0.2181058557337686,0.04113890377901316,0.5291070141519756,0.47089298584802436,0.0007852474796088961,0.0391610517250114,0.23711940827802827,0.21539250702178106,0.16738841943171257,0.32946959704312245,0.062162086196754424,0.2255873903066295,Alpes-Maritimes,Provence-Alpes-Côte d'Azur,253,22.7,9.2,45.7
07,12.862857142857143,11122,146477,3512,651,21,70581,75896,29198,9181,40192,32569,5920,3832,25585,33707,21973,48642,10475,31680,0.17466906067164129,0.1993350491886098,0.04041590147258614,0.06267878233442793,0.27439120134901723,0.22234890119267872,0.026161103791038868,0.5181427800951686,0.4818572199048315,0.0018881496133788887,0.05853263801474555,0.3157705448660313,0.23011803900953734,0.15000989916505664,0.33207943909282683,0.07151293377117227,0.21627968896140692,Ardèche,Auvergne-Rhône-Alpes,59,20.3,9.6,37.8
08,12.409090909090908,8025,134098,2547,566,16,63873,70225,26579,10880,31472,28708,7015,3947,25497,32151,23297,44006,9163,25481,0.19013706393831378,0.19820578979552267,0.05231248788199675,0.08113469253829289,0.23469402973944428,0.21408223836298826,0.029433697743441362,0.5236841712777223,0.47631582872227773,0.0019937694704049843,0.07052959501557632,0.31738317757009343,0.23975749079031752,0.17373115184417368,0.3281629852794225,0.06833062387209354,0.19001774821399275,Ardennes,Grand Est,52,25.0,10.9,33.3
09,12.142857142857142,5785,65744,1749,312,5,31471,34273,11799,4905,17074,13538,3276,2417,12735,14583,10146,20912,4557,15546,0.1937058895108299,0.1794688488683378,0.049829642248722314,0.07460756875152105,0.2597043076174252,0.2059199318568995,0.0367638111462643,0.5213099294232173,0.47869007057678264,0.000864304235090752,0.05393258426966292,0.302333621434745,0.2218149184716476,0.1543258700413726,0.3180822584570455,0.06931431005110733,0.23646264297882696,Ariège,Occitanie,31,23.1,11.0,34.2
10,12.409090909090908,10233,163899,3438,808,28,77240,86659,30021,14231,38084,31997,9027,5529,35010,39768,31688,49959,10632,31852,0.21360716050738565,0.18316768253619606,0.05507660205370381,0.08682786350130263,0.2323626135607905,0.19522388788217135,0.03373418995845002,0.5287341594518575,0.47126584054814247,0.002736245480308805,0.07896022671748265,0.335971855760774,0.24263723390624714,0.19333858046723898,0.30481577068804566,0.06486921823806124,0.19433919670040695,Aube,Grand Est,52,25.4,11.1,35.1
11,11.862499999999999,17303,195150,4901,949,9,92114,103036,34690,14935,53731,39131,9808,7095,35760,43752,29312,62282,14137,45667,0.18324365872405843,0.17776069689982066,0.050258775301050475,0.0765308736869075,0.2753317960543172,0.20051755060210094,0.03635664873174481,0.5279836023571611,0.4720163976428388,0.0005201410160087846,0.054845980465815174,0.2832456799398948,0.2241967717140661,0.15020240840379195,0.3191493722777351,0.0724417115039713,0.23400973610043557,Aude,Occitanie,61,26.4,12.3,32.7
12,12.20909090909091,10402,128232,3420,773,5,62151,66081,23212,6746,38318,26472,4580,3507,25397,27624,20119,42324,8919,29246,0.1980550876536278,0.1810156591178489,0.035716513818703596,0.05260777341069312,0.29881776779587,0.20643833052592175,0.02734886767733483,0.5153237881340071,0.4846762118659929,0.0004806767929244376,0.07431263218611805,0.3287829263603153,0.21542204753883587,0.15689531474203008,0.33005801983904176,0.06955362156092083,0.2280709963191715,Aveyron,Occitanie,32,15.6,6.7,41.9
13,15.06326530612245,163014,1924210,40678,8223,230,916261,1007949,403975,158890,422909,445171,101000,83609,308656,467682,349723,636914,117542,352349,0.1604066084263152,0.2099433014068111,0.05248907343793037,0.08257414731240353,0.2197831837481356,0.2313526070439297,0.04345107862447446,0.5238248424028562,0.47617515759714374,0.0014109217613211135,0.050443520188450074,0.24953684959574024,0.24305143409503122,0.18174887356369626,0.33100025464996025,0.06108584821822982,0.18311358947308246,Bouches-du-Rhône,Provence-Alpes-Côte d'Azur,400,24.2,10.7,45.4
14,12.87936507936508,28488,389340,9145,2136,71,183312,206028,70913,28983,97152,77153,18416,14498,82225,90814,75487,119974,26043,77022,0.21119073303539324,0.18213643601993115,0.047300559921919144,0.07444136230543998,0.24952997380181846,0.1981635588431705,0.03723737607232753,0.5291724456773,0.47082755432269996,0.002492277450154451,0.07497893850042123,0.32101235607975287,0.23325114295988084,0.19388452252529922,0.30814712076848,0.06689012174449067,0.19782709200184928,Calvados,Normandie,125,20.1,8.3,39.8
15,11.528571428571428,4244,48316,1452,339,3,22630,25686,7316,2913,14619,8850,2045,1258,11315,9603,7752,16127,3633,11201,0.23418743273449788,0.15141981952148356,0.04232552363606259,0.06029058696911996,0.3025705770345227,0.18316913651792366,0.0260369235863896,0.5316251345310042,0.46837486546899576,0.000706880301602262,0.07987747408105561,0.34213006597549483,0.19875403593012667,0.16044374534315756,0.333781770014074,0.07519248282142561,0.23182796589121615,Cantal,Auvergne-Rhône-Alpes,25,16.5,5.5,37.2
16,12.706451612903225,12821,168762,3961,974,29,79893,88869,28454,12461,46753,32675,8265,5670,34484,36816,27673,55724,11748,36801,0.20433509913369124,0.1686043066567118,0.04897429516123298,0.07383771228120074,0.27703511454000307,0.19361586139059742,0.033597610836562736,0.5265936644505279,0.47340633554947203,0.002261914047266204,0.07596911317369939,0.3089462600421184,0.21815337575994595,0.16397648759791897,0.33019281591827543,0.06961282753226437,0.21806449319159527,Charente,Nouvelle-Aquitaine,59,22.1,8.7,35.5
17,12.574242424242424,32585,369115,9532,1804,32,173710,195405,58057,23583,115512,67229,16018,12556,76160,73724,53582,115392,29674,96743,0.2063313601452122,0.15728702436909905,0.04339568969020495,0.06389065738320036,0.3129431207076385,0.18213564878154503,0.034016498923099846,0.5293878601519851,0.47061213984801487,0.0009820469541199938,0.05536289703851465,0.29252723645849316,0.19973179090527343,0.14516343145090282,0.31261801877463663,0.0803922896658223,0.2620944692033648,Charente-Maritime,Nouvelle-Aquitaine,94,21.2,9.0,36.0
18,12.436363636363637,9879,167272,3402,812,23,79503,87769,30307,11510,47691,33591,7425,4707,32041,36703,26387,54077,12059,38046,0.19155028934908414,0.18118393993017362,0.04438877995121718,0.06881008178296427,0.2851104787412119,0.20081663398536514,0.028139796259983738,0.5247082596011287,0.4752917403988713,0.0023281708674967104,0.08219455410466646,0.3443668387488612,0.21942106270027262,0.15774905543067577,0.32328781864268974,0.0720921612702664,0.22744990195609546,Cher,Centre-Val de Loire,42,23.3,9.1,35.5
19,12.411111111111111,9496,116652,3313,751,15,55129,61523,20192,6973,33522,23225,4661,3774,24305,24702,17925,37655,8160,28210,0.20835476459897817,0.17309604636011383,0.03995645166820972,0.05977608613654288,0.287367554778315,0.19909645784041421,0.03235263861742619,0.5274063025066008,0.4725936974933992,0.0015796124684077507,0.07908593091828138,0.3488837405223252,0.21175804958337618,0.15366217467338752,0.3227977231423379,0.06995165106470527,0.24183040153619312,Corrèze,Nouvelle-Aquitaine,41,19.3,7.2,38.0
21,13.132142857142856,21640,304026,6824,1756,64,143987,160039,54375,20577,74496,59955,13574,12101,68948,69137,67343,93742,18682,55122,0.2267832356443199,0.17884983521146217,0.04464749725352437,0.06768171143257484,0.24503167492253952,0.19720352864557636,0.03980251689000283,0.5263990579753047,0.47360094202469527,0.0029574861367837337,0.0811460258780037,0.3153419593345656,0.22740489300257216,0.2215040818877333,0.30833547130837496,0.061448691888193775,0.18130686191312584,Côte-d'Or,Bourgogne-Franche-Comté,61,19.3,7.4,45.0
22,12.568831168831169,23887,352115,7618,1649,28,167961,184154,68462,19227,102589,73739,12637,9267,66194,80397,48417,113176,27116,83009,0.18798971926785282,0.1944307967567414,0.035888843133635315,0.054604319611490565,0.29135083708447523,0.20941737784530623,0.026318106300498415,0.5229939082402056,0.47700609175979436,0.001172185707707121,0.06903336542889438,0.3189182400468874,0.22832597304857788,0.13750337247774164,0.32141771864305696,0.07700893174105052,0.23574400408957302,Côtes-d'Armor,Bretagne,87,17.2,7.9,38.9
23,11.6,2182,25572,826,164,3,11887,13685,3682,1802,7133,4194,1237,855,6669,4915,3944,8604,2015,6094,0.26079305490380106,0.14398560926012827,0.04837322071015173,0.07046769904583138,0.27893790082903175,0.164007508212107,0.03343500703894885,0.5351556389801345,0.4648443610198655,0.001374885426214482,0.07516040329972502,0.3785517873510541,0.19220240888471765,0.15423119036446112,0.33646175504458004,0.07879712185202566,0.23830752385421555,Creuse,Nouvelle-Aquitaine,21,20.1,8.3,34.1
24,11.940625,13617,166583,4562,891,18,77627,88956,26251,11936,50136,30307,7889,5740,34324,34416,24141,52353,12901,42772,0.206047435812778,0.1575851077240775,0.04735777360234838,0.07165196928858286,0.3009670854769094,0.18193333053192703,0.034457297563376815,0.5340040700431616,0.4659959299568383,0.0013218770654329147,0.06543291473892927,0.3350223984724976,0.2065997130559541,0.1449187492121045,0.31427576643475025,0.07744487732841887,0.25676089396877233,Dordogne,Nouvelle-Aquitaine,46,21.5,9.1,32.3
25,12.848780487804877,18784,299829,5958,1536,45,143871,155958,58391,21199,70888,61598,13594,10923,63236,72163,62802,92195,18211,54458,0.21090688359031315,0.19474767284018557,0.04533917666403183,0.07070363440494415,0.23642809734882217,0.2054437696153474,0.03643076553635572,0.5201564891988434,0.47984351080115667,0.002395655877342419,0.0817717206132879,0.31718483816013626,0.24068052123043468,0.2094593918533564,0.30749193707079703,0.060737953967094575,0.1816301958783173,Doubs,Bourgogne-Franche-Comté,103,18.5,8.2,42.1
26,13.258139534883721,26897,329220,8156,1974,47,158040,171180,70255,22602,81236,75102,14450,9960,55615,81617,55926,106727,20687,64263,0.16892959115485087,0.2133983354595711,0.04389162262316992,0.0686531802442136,0.24675293117064576,0.2281210133041735,0.030253326043375252,0.5199562602515035,0.48004373974849646,0.0017474067739896642,0.0733910845075659,0.3032308435885043,0.2479102120162809,0.1698742482230727,0.32418139845695887,0.06283640119069316,0.19519774011299434,Drôme,Auvergne-Rhône-Alpes,79,21.2,9.7,40.5
27,13.130952380952381,16136,258198,5304,1210,44,121897,136301,55299,22476,57182,57749,13800,8438,43254,68745,47772,82514,15283,43884,0.1675225989357005,0.21417284409639115,0.05344735435595938,0.0870494736597495,0.22146569686829487,0.22366168599292016,0.03268034609098444,0.5278933221791029,0.47210667782089716,0.002726822012890431,0.07498760535448686,0.32870599900842834,0.2662491576232194,0.18502079799223853,0.3195764490817125,0.05919100845087878,0.16996258685195084,Eure,Normandie,99,24.4,9.0,33.3
28,13.56,13329,225052,4367,1095,36,107286,117766,49587,16430,54123,51367,10245,6453,36847,57126,39687,72142,14416,41681,0.16372660540675044,0.22033574462790823,0.045522812505554275,0.07300534987469563,0.2404910865044523,0.22824502781579367,0.028673373264845457,0.523283507811528,0.476716492188472,0.0027008777852802163,0.08215169930227324,0.3276314802310751,0.25383466932086807,0.17634591116719692,0.32055702682046816,0.06405630698682971,0.18520608570463715,Eure-et-Loir,Centre-Val de Loire,73,21.9,8.4,36.1
29,12.654700854700854,42829,719840,13527,3008,76,348754,371086,144889,40477,188025,158906,26891,20799,139853,166766,115928,241485,50825,144836,0.19428345187819515,0.20127945098910868,0.03735691264725494,0.05623055123360747,0.2612038786396977,0.2207518337408313,0.028893920871304733,0.5155117803956435,0.4844882196043565,0.0017744985874057297,0.07023278619626888,0.3158373998925961,0.23167092687263838,0.161046899310958,0.33547038230717935,0.0706059679928873,0.20120582351633695,Finistère,Bretagne,135,16.5,7.9,44.5
30,12.993055555555555,41691,528080,11064,1959,37,251025,277055,108704,39940,129228,118473,25872,19750,86113,127893,85159,172165,35122,107741,0.16306809574306924,0.2058475988486593,0.04899257688229056,0.07563247992728374,0.24471292228450234,0.22434668989547038,0.03739963641872444,0.5246458869868201,0.4753541130131798,0.0008874817106809623,0.04698855868172987,0.2653810174857883,0.24218489622784425,0.16126155128010908,0.3260206786850477,0.06650886229359187,0.20402401151340707,Gard,Occitanie,127,23.8,12.1,37.4
31,15.293069306930692,79556,1072724,21636,5341,189,520504,552220,209771,70859,241795,238733,47009,57260,207297,258840,257323,346211,54619,155731,0.1932435556583054,0.19554983388084912,0.043822082847032415,0.06605520152434363,0.22540280631364637,0.22254839082559913,0.05337812895022392,0.5147829264563858,0.4852170735436142,0.0023756850520388153,0.0671350998039117,0.27195937452863395,0.24129226156961156,0.23987810471286183,0.3227400524272786,0.050916172286627315,0.1451734090036207,Haute-Garonne,Occitanie,219,18.2,9.0,57.4
32,12.315384615384614,6393,66119,2025,397,5,31468,34651,10913,4455,18743,12754,3029,2372,13853,13627,9630,21300,4835,16727,0.20951617538075287,0.1650508930867073,0.04581134015940955,0.06737851449658948,0.28347373674737975,0.19289462938035964,0.03587471074880141,0.5240702369969298,0.4759297630030702,0.000782105427811669,0.06209917096824652,0.31675269826372593,0.2060980958574691,0.14564648588151666,0.3221464329466568,0.07312572785432327,0.2529832574600342,Gers,Occitanie,31,19.2,7.0,39.3
33,13.600000000000001,97619,1215903,25622,5922,153,579778,636125,241097,80085,289804,276131,54135,53414,221237,286525,248056,402756,73311,205255,0.18195283669832216,0.19828637646259611,0.044522466019082114,0.06586462900412286,0.23834467058638723,0.22709953014344073,0.04392949108604881,0.5231708450427378,0.4768291549572622,0.0015673178377160184,0.06066441983630236,0.2624693963265348,0.2356479094138266,0.2040096948523032,0.33124023873614916,0.06029346090929951,0.16880869608842153,Gironde,Nouvelle-Aquitaine,161,20.2,8.7,48.1
34,13.4,85510,920976,20546,3922,84,439192,481784,176061,66334,221531,196017,44365,45073,171595,214286,183539,291063,57332,174756,0.18631864456837094,0.1911678480220983,0.04817172217299908,0.07202576397213391,0.24053938430534563,0.21283616511179446,0.048940471847257694,0.5231232952867393,0.4768767047132607,0.00098234124663782,0.04586598058706584,0.24027599111215062,0.23267272979969075,0.19928749500529871,0.3160375514671392,0.062251350740953074,0.18975087298691823,Hérault,Occitanie,190,23.6,12.4,45.5
35,13.286363636363637,50014,766627,15092,4094,130,371799,394828,164528,41895,188234,175593,26692,30258,139427,194034,157882,248510,43979,122222,0.18187071418042933,0.21461284301231237,0.034817453598686196,0.05464847963872913,0.24553531247921087,0.22904619847722557,0.03946899861340652,0.515019690149186,0.48498030985081403,0.0025992722037829407,0.08185708001759508,0.3017555084576319,0.2531009213085373,0.20594369882615665,0.32416025003032767,0.05736688115602503,0.1594282486789534,Ille-et-Vilaine,Bretagne,158,15.9,7.0,51.4
36,11.86470588235294,6951,110194,2473,576,10,52174,58020,18976,7290,32193,21413,4688,2687,22947,23569,16016,36212,8098,26299,0.20824182804871408,0.1722053832332069,0.042543151169755156,0.06615605205365084,0.2921483928344556,0.19432092491424216,0.02438426774597528,0.5265259451512787,0.47347405484872135,0.0014386419220256078,0.08286577470867501,0.3557761473169328,0.21388641849828485,0.1453436666243171,0.3286204330544313,0.07348857469553696,0.2386609071274298,Indre,Centre-Val de Loire,32,22.5,8.6,32.5
37,14.058490566037737,25824,423957,8041,2111,54,200719,223238,83854,26359,111367,90935,16851,13132,81459,101420,80443,134914,27177,80003,0.19213976889165646,0.19778892670718964,0.039746955469540546,0.062173758187740735,0.2626846590574044,0.21449109225699775,0.030974839429470442,0.5265581179223364,0.4734418820776635,0.002091078066914498,0.08174566294919455,0.3113770136307311,0.2392223739671712,0.18974329943838644,0.3182256691126694,0.06410319914519633,0.1887054583365766,Indre-et-Loire,Centre-Val de Loire,99,18.5,8.1,45.3
38,15.143410852713178,62810,902329,18068,4303,137,438510,463819,206351,57987,202410,219280,36843,35927,143531,233371,177791,292856,50419,147892,0.15906725817301673,0.22868709749991412,0.040831005099027075,0.06426369982567334,0.22431951095443015,0.2430155741420258,0.03981585430591281,0.5140242638771446,0.4859757361228554,0.002181181340550868,0.06850819933131667,0.2876612004457889,0.258631829410337,0.19703567102464845,0.32455567758544834,0.05587651510701751,0.1639003068725487,Isère,Auvergne-Rhône-Alpes,170,20.5,7.4,47.5
39,12.329411764705881,7544,93909,2643,606,12,44456,49453,17095,6264,23712,18653,4173,2661,21351,21210,15735,29957,6323,20684,0.22735840015333994,0.18203793033681542,0.04443663546624924,0.06670287192920807,0.2524997604063508,0.19862845946607888,0.02833594224195764,0.5266055436646114,0.4733944563353885,0.0015906680805938495,0.0803287380699894,0.35034464475079535,0.22585694661853498,0.16755582532025684,0.3190003088095923,0.06733113972036758,0.22025577953124834,Jura,Bourgogne-Franche-Comté,52,19.3,6.5,37.3
40,12.437142857142858,17696,214080,5226,985,17,102535,111545,38290,13756,61854,45020,9501,6972,38687,45681,32821,71018,15776,48784,0.18071281763826608,0.1788583707025411,0.04438060538116592,0.06425635276532138,0.2889293721973094,0.21029521674140508,0.032567264573991034,0.5210435351270553,0.4789564648729447,0.0009606690777576853,0.0556622965641953,0.29532097649186256,0.2133828475336323,0.15331184603886397,0.33173579970104633,0.07369207772795217,0.22787742899850524,Landes,Nouvelle-Aquitaine,44,18.7,8.4,37.7
41,13.003225806451614,10897,169690,3641,943,33,80999,88691,32948,10425,48057,35344,6649,4931,31336,39143,25701,54513,12150,38183,0.1846661559314043,0.19416583181094937,0.03918321645353291,0.061435558960457305,0.28320466733455124,0.20828569744828807,0.029058872060816785,0.5226648594495845,0.4773351405504155,0.003028356428374782,0.08653757915022484,0.33412865926401764,0.23067358123637222,0.15145854204726267,0.32125051564617835,0.07160115504743945,0.22501620602274736,Loir-et-Cher,Centre-Val de Loire,52,22.9,7.7,35.8
42,13.214285714285714,36191,541731,11131,2737,61,258546,283185,115821,34545,134676,120722,21485,15462,99020,130675,96914,167883,35301,110958,0.18278444467826283,0.21379799199233568,0.03965990500820518,0.06376781096152888,0.24860308898696956,0.22284491749595278,0.0285418408767451,0.5227409913776394,0.47725900862236054,0.001685501920366942,0.07562653698433312,0.30756265369843333,0.24121750462868102,0.17889690639819394,0.30990103944577657,0.06516333752360488,0.20482121200374356,Loire,Auvergne-Rhône-Alpes,160,21.3,8.8,40.4
43,12.182142857142859,8618,115769,2721,623,8,55877,59892,25007,6029,30618,27204,3942,2874,20095,27422,17436,39807,8190,22914,0.17357841909319421,0.21600773955031138,0.03405056621375325,0.052077844673444534,0.26447494579723413,0.2349851860169821,0.024825298655080374,0.5173405661273743,0.48265943387262566,0.0009282896263634254,0.07229055465305176,0.3157345091668601,0.23686824624899586,0.15061026699720997,0.3438485259439055,0.07074432706510378,0.19792863374478487,Haute-Loire,Auvergne-Rhône-Alpes,46,17.0,7.2,38.9
44,13.254794520547945,79178,1226560,21772,5895,193,595648,630912,280788,66544,301188,298675,42211,35853,201301,318046,231151,406969,74301,196093,0.16411834724758675,0.2289231672319332,0.03441413383772502,0.05425254369945213,0.24555504826506652,0.24350622880250455,0.029230530915731804,0.5143751630576572,0.4856248369423428,0.0024375457829194976,0.07445249943166031,0.27497537194675287,0.2592991781894078,0.18845470258283328,0.33179705843986435,0.06057673493347247,0.15987232585442213,Loire-Atlantique,Pays de la Loire,207,17.2,7.4,52.5
45,13.773846153846153,28156,478180,8704,2329,99,230658,247522,106031,31327,116818,111556,19513,14452,78483,121753,89093,153213,29945,84176,0.1641285708310678,0.22173867581245557,0.04080680915136559,0.06551298674139445,0.24429712660504413,0.2332929022543812,0.03022292860429127,0.5176335271236773,0.4823664728763227,0.003516124449495667,0.08271771558460009,0.3091348202869726,0.2546175080513614,0.18631686812497386,0.32040863273244385,0.06262286168388473,0.17603412940733615,Loiret,Centre-Val de Loire,100,23.1,8.7,42.2
46,12.011111111111111,5079,49716,1693,277,6,23105,26611,7122,3576,14659,8362,2378,1560,12059,9955,7077,15557,3685,13442,0.2425577278944404,0.14325368090755491,0.04783168396492075,0.07192855418778663,0.2948547751226969,0.16819534958564647,0.031378228336953896,0.5352602783812053,0.46473972161879473,0.0011813349084465446,0.05453829493994881,0.3333333333333333,0.20023734813742056,0.14234853970552738,0.31291737066537934,0.07412100732158661,0.2703757341700861,Lot,Occitanie,33,19.8,8.5,38.5
47,11.889999999999999,13664,176576,4379,955,12,83090,93486,31156,12241,49416,34511,7990,6105,35157,38189,27388,54867,12956,43176,0.19910406850308082,0.1764452700253715,0.0452496375498369,0.06932425697716564,0.2798568321855745,0.19544558716926422,0.034574347589706414,0.5294377491844872,0.4705622508155129,0.0008782201405152225,0.06989168618266979,0.3204771662763466,0.21627514498006525,0.15510601667270751,0.3107273921710765,0.0733735048930772,0.24451794128307358,Lot-et-Garonne,Nouvelle-Aquitaine,62,22.6,8.9,33.7
48,11.4,2200,23497,873,172,1,11157,12340,4314,1104,6268,4852,768,648,5543,5160,4190,7873,1526,4748,0.23590245563263396,0.18359790611567434,0.0326850236200366,0.046984721453802614,0.26675745839894455,0.20649444609950207,0.02757798867940588,0.5251734263948589,0.4748265736051411,0.00045454545454545455,0.07818181818181819,0.3968181818181818,0.2196025024471209,0.1783206366770226,0.33506405072988044,0.06494446099502064,0.20206834915095545,Lozère,Occitanie,15,18.3,5.6,42.9
49,12.684057971014493,29671,603090,9409,2591,73,291159,311931,137209,31843,154936,142722,19560,16837,99983,158049,111847,192641,36731,103822,0.1657845429372067,0.22750999021704887,0.03243297020345222,0.05279974796464872,0.25690361305941073,0.23665124608267424,0.02791788953555854,0.5172213102522012,0.48277868974779886,0.0024603147854807723,0.08732432341343399,0.31711098378888475,0.2620653633786002,0.18545656535508798,0.319423303321229,0.06090467426088975,0.17215009368419307,Maine-et-Loire,Pays de la Loire,114,19.1,8.1,42.0
50,12.705555555555556,12822,221987,4504,977,24,105217,116770,40347,14221,62840,44382,9062,5349,45786,49399,35019,72024,15685,49860,0.2062553212575511,0.18175388648884844,0.04082221030961272,0.06406230995508747,0.28307963979872697,0.19993062656822247,0.024096005621950835,0.526021794069022,0.47397820593097795,0.0018717828731867104,0.076197161129309,0.351271252534706,0.22253104911548874,0.1577524810011397,0.32445143184060327,0.07065729074225068,0.2246077473005176,Manche,Normandie,84,16.6,6.9,35.9
51,13.222222222222221,20336,346073,6469,1740,53,164655,181418,66233,26851,79705,71177,16820,11691,73596,85351,76789,106599,20371,56963,0.21266033466927498,0.19138447668555478,0.04860246248623845,0.07758767658846544,0.23031267969474647,0.2056704799276453,0.03378188994807454,0.5242188786758863,0.4757811213241137,0.0026062155782848153,0.08556254917387883,0.31810582218725414,0.24662715669815327,0.22188671176312513,0.30802460752500194,0.058863303407084636,0.164598220606635,Marne,Grand Est,70,22.0,8.6,41.1
52,12.0,4772,71248,1687,417,11,33672,37576,12607,5108,19183,13604,3311,2035,15400,15367,12092,23269,5082,15438,0.21614641814507074,0.17694531776330563,0.04647147990119021,0.07169324051201437,0.2692426454075904,0.1909386930159443,0.028562205254884347,0.5273972602739726,0.4726027397260274,0.0023051131601005866,0.08738474434199497,0.3535205364626991,0.21568324724904558,0.16971704468897372,0.3265916236245228,0.07132831798787334,0.21667976644958456,Haute-Marne,Grand Est,28,20.0,8.2,31.0
53,12.21923076923077,9475,151153,3314,936,47,73197,77956,30782,8332,43673,32005,5008,3416,27937,36873,24435,47975,10573,31297,0.18482597103597018,0.2036479593524442,0.03313199208748751,0.05512295488677036,0.2889324062373886,0.21173909879393726,0.022599617606001866,0.5157423273107381,0.4842576726892619,0.00496042216358839,0.0987862796833773,0.3497625329815303,0.24394487704511322,0.16165739350194835,0.3173936342646193,0.0699489920808717,0.20705510310744743,Mayenne,Pays de la Loire,59,17.5,6.1,37.5
54,13.154411764705882,27920,496164,8285,2160,62,237193,258971,96428,36522,115847,105597,23704,19842,98224,116607,106351,156160,30535,86511,0.1979668012995703,0.194347030417362,0.047774526164735855,0.07360872614699979,0.23348529921558195,0.21282680726533967,0.03999080949041043,0.5219463725703598,0.4780536274296402,0.002220630372492837,0.07736389684813753,0.29674068767908307,0.2350170508138438,0.2143464660878258,0.3147346441902274,0.06154215138542901,0.17435968752267395,Meurthe-et-Moselle,Grand Est,140,21.8,8.7,42.1
55,12.106666666666666,4344,70787,1506,319,9,33813,36974,12942,5307,17847,14300,3384,2027,14980,16046,12158,23279,4791,14513,0.21162077782643707,0.18283018068289375,0.047805387994970826,0.07497139305239663,0.25212256487773177,0.20201449418678571,0.02863520137878424,0.5223275460183368,0.4776724539816633,0.0020718232044198894,0.07343462246777165,0.34668508287292815,0.22668004012036108,0.17175470072188395,0.3288598188932996,0.0676819189964259,0.20502352126802945,Meuse,Grand Est,30,21.3,8.8,32.4
56,12.446,37254,557024,11603,2451,55,268899,288125,115285,30605,153268,124765,20183,13910,99008,130726,83226,186299,40036,116737,0.1777445855115758,0.20696594760728443,0.03623362727638307,0.05494377262021026,0.2751551100132131,0.22398496294594128,0.024971994025392085,0.5172577842247372,0.48274221577526283,0.0014763515327213185,0.06579159284909003,0.31145648789391744,0.23468647670477394,0.14941187453323376,0.3344541707359108,0.07187482047452175,0.2095726575515597,Morbihan,Bretagne,111,17.0,7.9,40.6
57,13.018181818181818,40036,689885,12329,2890,103,333490,356395,146806,48306,165550,163491,31892,21756,112084,157915,132603,235013,44297,120057,0.1624676576530871,0.21279778513810274,0.04622799452082593,0.0700203657131261,0.23996753082035413,0.23698297542344013,0.031535690731063874,0.5166005928524319,0.48339940714756807,0.002572684583874513,0.0721850334698771,0.307947846937756,0.22890046891873284,0.19221029591888503,0.34065532661240644,0.06420925226668213,0.17402465628329358,Moselle,Grand Est,168,21.4,9.1,41.0
58,12.227777777777778,6121,99271,2176,457,10,46724,52547,15990,6770,28698,17962,4452,3340,22059,20636,15150,31531,7807,24147,0.2222099102456911,0.1610742311450474,0.04484693414995316,0.06819715727654602,0.28908744749221826,0.18093904564273555,0.033645274047808524,0.5293288070030523,0.47067119299694776,0.0016337199803953602,0.07466100310406797,0.3554974677340304,0.20787541175166968,0.15261254545637698,0.3176254898207936,0.07864330972791651,0.24324324324324326,Nièvre,Bourgogne-Franche-Comté,30,23.7,8.2,32.2
59,13.534177215189873,117390,2194051,32610,8702,333,1054464,1139587,520651,178210,451836,532115,106039,80638,324562,593757,455356,699979,125226,319733,0.1479281931003427,0.23730122955209337,0.04833023480311077,0.08122418302947379,0.20593687202348532,0.2425262676209441,0.036753019870549956,0.5193985919196956,0.48060140808030444,0.0028366981855353947,0.07412897180339041,0.27779197546639406,0.27062133013316464,0.20754121030003406,0.3190349722955392,0.057075245744059734,0.14572724152720243,Nord,Hauts-de-France,454,27.9,11.5,43.8
60,14.285333333333334,26795,466444,8221,2052,82,224403,242041,112700,35939,97108,116803,22755,14797,66342,126995,89541,153941,27548,68419,0.14222929226230802,0.24161528500741783,0.048783991218667194,0.07704890619238322,0.20818790680124516,0.25041162497534536,0.0317229935426332,0.5189068784248484,0.48109312157515155,0.003060272438887852,0.0765814517633887,0.30681097219630526,0.27226205074992926,0.1919651662364614,0.3300310433835573,0.059059608441742205,0.14668213118830986,Oise,Hauts-de-France,141,24.8,9.0,37.6
61,11.929411764705883,6919,103289,2529,586,10,48252,55037,17471,7610,28636,18654,4677,2986,23255,22818,16485,31701,7947,24338,0.2251449815566033,0.16914676296604672,0.04528071721093243,0.07367677100175236,0.2772415262031775,0.1806000638983822,0.02890917716310546,0.5328447366128048,0.46715526338719515,0.0014452955629426219,0.08469431998843764,0.36551524786818906,0.2209141341285132,0.15960073192692348,0.30691554763818024,0.07693946112364337,0.23563012518273968,Orne,Normandie,46,21.4,8.2,30.8
62,12.674324324324324,48047,1049542,14755,3817,105,500802,548740,248057,82723,232450,258135,50994,31260,145923,278902,193535,339168,66620,171317,0.13903493142723206,0.23634785458800125,0.048586907432003675,0.07881818926731851,0.22147755878278336,0.24595013825077985,0.029784420251881296,0.5228375805827685,0.47716241941723153,0.002185360168168668,0.07944304535142672,0.30709513601265426,0.26573686427031984,0.18439948091643785,0.32315810134325257,0.06347530637173167,0.1632302470982581,Pas-de-Calais,Hauts-de-France,220,28.5,11.1,33.2
63,14.04814814814815,27614,411001,8455,2061,73,196088,214913,75656,25127,106505,86083,16819,14714,86097,91162,82832,131840,27818,77349,0.209481242138097,0.18407741100386618,0.04092204155221033,0.06113610429171705,0.25913562254106437,0.20944717896063514,0.035800399512409944,0.5229014041328367,0.47709859586716336,0.002643586586514087,0.07463605417541827,0.30618526834214527,0.22180481312697536,0.20153722253717143,0.32077780832650044,0.06768353361670652,0.18819662239264626,Puy-de-Dôme,Auvergne-Rhône-Alpes,83,20.5,7.8,45.7
64,13.547169811320755,38482,433420,11313,2344,49,205230,228190,75320,29505,112856,87610,20373,16764,90992,90289,74395,143507,29236,95993,0.20993955055142818,0.17378062848968667,0.04700521434174704,0.06807484656914771,0.2603848461077015,0.20213649577776752,0.03867841816252134,0.5264870102902497,0.47351298970975036,0.0012733225923808535,0.06091159503144327,0.2939816017878489,0.2083175672557796,0.17164643994278067,0.3311037792441512,0.06745420146739883,0.2214780120898897,Pyrénées-Atlantiques,Nouvelle-Aquitaine,89,16.7,7.4,47.4
65,12.125,9749,109886,2958,573,10,51299,58587,17046,8342,28548,19876,5607,4400,26067,23009,17498,34239,7908,27232,0.23721857197459184,0.1551244016526218,0.05102560835775258,0.07591503922246692,0.25979651638971296,0.1808783648508454,0.04004149755200845,0.5331616402453452,0.4668383597546548,0.0010257462303826033,0.058775259000923175,0.30341573494717405,0.20938973117594598,0.1592377554920554,0.3115865533370948,0.07196549150938245,0.24782046848552136,Hautes-Pyrénées,Occitanie,51,19.7,9.9,37.0
66,12.00377358490566,30926,372390,7660,1473,31,175403,196987,66029,33125,97008,74577,21066,15062,65523,85065,56567,116406,25750,88602,0.17595263030693628,0.17731142082225623,0.05656972528800451,0.0889524423319638,0.2605010875694836,0.20026585031821478,0.04044684336314079,0.5289803700421601,0.4710196299578399,0.0010023928086399794,0.04762982603634482,0.24768802948974972,0.22842987190848305,0.15190257525712292,0.3125916377990816,0.0691479363033379,0.23792797873197455,Pyrénées-Orientales,Occitanie,116,30.6,13.7,34.5
67,13.970833333333333,55992,783935,16853,4244,158,378429,405506,169595,51539,183221,185259,33079,31627,129615,189072,165744,261219,46397,121503,0.16533896305178364,0.21633808925484893,0.04219610044200093,0.06574397112005459,0.23371963236747945,0.23631933770019198,0.04034390606364048,0.5172699267158629,0.4827300732841371,0.002821831690241463,0.07579654236319475,0.30098942706100873,0.24118326136733276,0.21142569218111196,0.33321512625408994,0.05918475383800953,0.1549911663594558,Bas-Rhin,Grand Est,238,18.5,7.7,47.2
68,13.451515151515151,31136,504579,9897,2412,74,243415,261164,112544,35124,119506,120607,22666,14471,79661,124906,94007,170021,31012,84633,0.1578761700348211,0.2230453506784864,0.04492061698960916,0.06961050697710368,0.23684299188035968,0.23902500896787224,0.028679354471747735,0.5175879297394461,0.4824120702605538,0.0023766700924974307,0.07746659815005139,0.31786356628982526,0.2475449830452714,0.18630779322960328,0.33695615552767755,0.06146113889004497,0.1677299293074028,Haut-Rhin,Grand Est,217,19.7,8.7,39.9
69,16.210924369747897,128216,1606386,35557,9397,331,768862,837524,363283,109546,334021,374074,68055,76069,281338,414859,364955,497549,81440,247583,0.17513723351672636,0.22614925677888129,0.04236528455800785,0.06819407041645034,0.20793321156932393,0.2328668203034638,0.047354122857146415,0.5213715756984934,0.4786284243015066,0.002581581081924253,0.07329038497535409,0.277321083172147,0.2582561102997661,0.22719010250338337,0.30973190752409446,0.05069765299249371,0.1541242266802624,Rhône,Auvergne-Rhône-Alpes,572,19.6,8.1,56.7
70,11.975,5335,73243,1861,406,9,34920,38323,13947,5448,18581,14885,3579,1764,15039,17049,12131,24067,5140,14856,0.20533020220362355,0.19042092759717652,0.048864737927173926,0.07438253484974673,0.2536897724014582,0.20322761219502206,0.02408421282579905,0.5232308889586719,0.4767691110413282,0.0016869728209934396,0.07610121836925961,0.34882849109653236,0.2327730977704354,0.16562674931392762,0.32859112816241826,0.07017735483254373,0.202831669920675,Haute-Saône,Bourgogne-Franche-Comté,44,20.2,8.3,33.0
71,12.74390243902439,18544,278656,6479,1450,55,131730,146926,50666,18560,77560,54912,11827,7566,57565,60498,44199,87868,20101,65990,0.20658087390904914,0.18182274919614147,0.04244301217271475,0.0666054203031695,0.2783360128617363,0.19706017455213598,0.027151757005052825,0.52726659393661,0.47273340606339,0.002965918895599655,0.07819240724762727,0.34938524590163933,0.21710639641708773,0.15861492305925587,0.3153278594395958,0.07213553628847037,0.23681528479559028,Saône-et-Loire,Bourgogne-Franche-Comté,64,21.6,8.0,35.6
72,12.83148148148148,18711,338437,6017,1607,58,161118,177319,66969,23308,92468,71524,14023,9008,61137,82348,56781,108078,22756,68474,0.18064514222735695,0.19787730064975165,0.04143459491722241,0.06886953849608642,0.2732207175929346,0.21133623096765425,0.026616475148993755,0.5239350307442744,0.4760649692557256,0.0030997808775586554,0.08588530810753033,0.32157554379776604,0.2433185496857613,0.16777420908470408,0.3193445161137819,0.06723851115569515,0.20232421396005756,Sarthe,Pays de la Loire,91,20.9,8.7,36.7
73,14.138636363636364,24556,262137,6913,1610,26,126321,135816,53736,16468,63991,59468,11063,9247,48164,61762,47862,86996,16523,48994,0.18373598538168973,0.2049920461438103,0.04220312279456925,0.06282211210168728,0.24411281123992415,0.22685847476701115,0.035275447571308134,0.5181107588779913,0.4818892411220087,0.0010588043655318457,0.06556442417331813,0.28151979149698647,0.2356096239752496,0.1825839160439007,0.33187226526587243,0.06303192605393362,0.18690226866104365,Savoie,Auvergne-Rhône-Alpes,72,17.4,7.0,45.6
74,13.863529411764707,49439,578134,13865,3110,60,280876,297258,128246,35821,133901,142869,24345,18995,93957,143944,113785,198919,32764,88722,0.1625176862111552,0.22182746560485977,0.04210961472599778,0.06195968408708016,0.2316089349527964,0.24712090968529787,0.03285570473281281,0.5141679956549866,0.48583200434501345,0.001213616780274682,0.06290580311090435,0.28044661097514106,0.24898034019794718,0.1968142333784209,0.344070751763432,0.05667198261994624,0.15346269204025365,Haute-Savoie,Auvergne-Rhône-Alpes,186,17.1,6.7,47.7
75,22.2,427385,2173279,91204,18942,636,1018597,1154682,367478,141504,436265,393806,94236,158098,581892,423648,577288,713262,121007,338074,0.2677484115016986,0.16908919655506724,0.04336120672955474,0.06511083022474334,0.20074044795905174,0.18120360984484735,0.07274629718503699,0.5313086814900434,0.4686913185099566,0.0014881196111234602,0.04432069445581852,0.21340009593223908,0.19493493472306134,0.26562995363227637,0.32819624171585887,0.055679459471149356,0.1555594104576541,Paris,Île-de-France,20720,14.0,7.2,81.1
76,14.002409638554218,46651,863154,15026,3944,149,407581,455573,172715,67620,203449,186180,42884,27974,162332,212593,171774,269972,53413,155402,0.18806840957697005,0.20009754922064893,0.04968290710580035,0.07834059739050042,0.23570417329931856,0.215697314731786,0.03240904867497573,0.52780036934313,0.47219963065687004,0.0031939293905811237,0.08454266789565068,0.322093845791087,0.24629787963677396,0.19900736137467936,0.31277385032103194,0.06188119385416739,0.18003971481334732,Seine-Maritime,Normandie,200,22.8,9.9,39.4
77,15.615671641791044,63581,1085164,17784,4384,125,527614,557550,288580,83936,202502,299527,50558,36952,123109,309486,219813,369882,57340,128643,0.11344736832405056,0.26593215403386034,0.04659019281878131,0.07734867725062755,0.18660958159319696,0.27602003015212445,0.034051995827358815,0.51379330681814,0.48620669318186005,0.0019659961309196144,0.06895141630361272,0.27970620153819536,0.2851974448101854,0.20256200906038166,0.3408535484037436,0.052839939400864754,0.11854705832482464,Seine-et-Marne,Île-de-France,239,21.6,7.4,43.0
78,20.770588235294117,82034,1260460,20119,4660,224,610260,650200,335131,82666,248726,345559,51718,39721,156939,344486,232859,430031,68653,184431,0.12450930612633483,0.2658799168557511,0.041031052155562256,0.06558399314535963,0.19732954635609223,0.2741530869682497,0.031513098392650304,0.5158434222426733,0.4841565777573267,0.0027305751273862056,0.05680571470365946,0.24525196869590657,0.2733018104501531,0.1847412849277248,0.3411698903574885,0.05446662329625692,0.14632039096837662,Yvelines,Île-de-France,631,18.6,6.9,56.2
79,12.72,11286,183587,3677,1071,33,88798,94789,35749,10567,52324,39817,6855,4786,33489,42583,29018,61664,12651,37671,0.18241487687036664,0.194725116702163,0.037339245153523944,0.05755854172681072,0.2850092871499616,0.21688354839939647,0.02606938399777762,0.5163165147859053,0.48368348521409466,0.0029239766081871343,0.094896331738437,0.32580187843345737,0.2319499746714092,0.15806130063675533,0.3358843491096864,0.06891010801418401,0.20519426756796505,Deux-Sèvres,Nouvelle-Aquitaine,62,18.8,6.7,38.1
80,12.513513513513514,15818,276842,5201,1341,47,131499,145343,54066,23852,62241,57732,15079,12525,51347,69179,58495,85725,16687,46756,0.1854740248950665,0.1952955115192059,0.05446789143265834,0.08615744720815484,0.224824990427753,0.20853772187746078,0.04524241263970062,0.5250034315602401,0.47499656843975985,0.0029712985206726515,0.08477683651536225,0.32880262991528636,0.2498862166867744,0.21129380657559185,0.309653159563939,0.060276258660174394,0.16889055851352033,Somme,Hauts-de-France,92,26.4,10.6,37.3
81,12.358333333333333,17110,238214,5199,1027,19,112316,125898,43980,16551,67185,49795,10647,7592,42464,53840,36250,76268,16441,55415,0.17825988396987583,0.18462390959389458,0.044695106081086754,0.0694795436036505,0.2820363202834426,0.2090347334749427,0.031870502993107036,0.5285079802194665,0.47149201978053346,0.0011104617182933958,0.06002337814143775,0.30385739333722966,0.22601526358652305,0.1521740955611341,0.3201659012484573,0.06901777393436154,0.23262696566952404,Tarn,Occitanie,67,21.4,9.5,39.0
82,12.273684210526316,10539,143747,3181,679,12,68908,74839,29900,10234,36976,32747,6590,5164,22136,35266,22642,47555,9902,28382,0.15399277897973523,0.20800434096015916,0.04584443501429595,0.07119452927713274,0.25722971609842293,0.22780997168636563,0.03592422798388836,0.5206299957564332,0.47937000424356685,0.001138627953316254,0.0644273650251447,0.30183129329158365,0.2453338156622399,0.15751285244213792,0.3308242954635575,0.06888491585911358,0.19744412057295108,Tarn-et-Garonne,Occitanie,70,26.6,10.2,33.7
83,13.375,90959,955064,22598,3311,52,457159,497905,183278,62236,266464,210391,42612,35055,155028,206324,144562,310359,67541,226278,0.16232210616251896,0.19190127572602464,0.044616905254516975,0.06516421936121558,0.27900119782548605,0.22028994915523986,0.036704346514997946,0.5213315547439753,0.4786684452560247,0.0005716861443067756,0.03640101584230258,0.24844160555854836,0.21603159578834508,0.15136367824564637,0.3249614685507987,0.07071882093765444,0.23692443647755543,Var,Provence-Alpes-Côte d'Azur,179,23.0,9.5,37.2
84,13.275471698113208,41870,465416,11387,2125,44,221739,243677,100439,34486,111090,108987,22299,17111,71004,115039,77349,153506,30338,89184,0.15256029014902797,0.21580478539629064,0.047911975522972994,0.07409715179538305,0.23868968836481771,0.23417115011086856,0.036764958660639085,0.5235681626759716,0.4764318373240284,0.0010508717458801052,0.050752328636255076,0.2719608311440172,0.24717457070663665,0.1661932550664352,0.32982536053766953,0.06518469498255325,0.1916221187067054,Vaucluse,Provence-Alpes-Côte d'Azur,157,24.8,11.4,35.5
85,11.964130434782609,30399,459506,9455,2287,80,224057,235449,100356,20287,138681,108329,13044,10051,68758,108990,67753,150953,34485,97325,0.149634607600336,0.21839975974198378,0.02838700691612297,0.044149586730097105,0.3018045466218069,0.23575100216319264,0.02187349022646059,0.5123959208367247,0.48760407916327536,0.0026316655153130037,0.0752327379190105,0.31102996809105565,0.2371895035102915,0.14744747620270465,0.3285114884245255,0.07504798631573907,0.21180354554673933,Vendée,Pays de la Loire,101,16.2,7.0,36.1
86,13.017073170731708,15640,259318,4790,1271,42,123326,135992,46526,16555,69919,51563,10450,10301,54004,61468,52801,80300,16735,48014,0.20825395846026887,0.1794167778557601,0.040298012478886924,0.06384053555865771,0.2696264817714158,0.19884080549749727,0.039723428377513324,0.5244217524429465,0.4755782475570535,0.0026854219948849105,0.08126598465473146,0.3062659846547315,0.2370371512968633,0.20361486668877593,0.30965841167986796,0.06453466400327011,0.18515490633122267,Vienne,Nouvelle-Aquitaine,63,18.0,7.4,42.7
87,12.989285714285714,14649,251317,4700,1182,31,118678,132639,43241,16761,68016,49239,10878,8525,54657,55606,46169,79311,17810,52421,0.21748230322660225,0.1720576005602486,0.0432839799933948,0.06669266305104708,0.27063827755384634,0.19592387303684192,0.033921302578018994,0.5277756777297198,0.47222432227028016,0.002116185405147109,0.08068810157689944,0.32084101303843265,0.22125841069247207,0.1837082250703295,0.31558151657070554,0.07086667435947429,0.20858517330701862,Haute-Vienne,Nouvelle-Aquitaine,68,22.2,8.3,42.5
88,12.071428571428571,14174,199169,4643,1054,30,94571,104598,37492,14766,52458,40953,9447,5195,38858,45170,31498,66323,14190,41988,0.19510064317238124,0.18824214611711662,0.04743208029361999,0.07413804357103766,0.2633843620242106,0.20561934839257112,0.026083376429062756,0.5251720900340916,0.47482790996590835,0.0021165514321998024,0.07436150698461973,0.32757160999012275,0.2267923220983185,0.1581471012055089,0.3329986092213146,0.07124602724319548,0.21081594023166256,Vosges,Grand Est,62,21.3,9.7,33.4
89,12.436363636363637,9657,133692,3392,796,23,63159,70533,25525,10787,33176,26662,6843,4005,26694,32049,21923,42356,9459,27905,0.19966789336684318,0.19092391466953895,0.051184812853424286,0.08068545612302905,0.24815246985608713,0.19942853723483828,0.02995691589623912,0.5275783143344404,0.47242168566555964,0.0023816920368644507,0.08242725484104794,0.3512477995236616,0.2397226460820393,0.16398139006073661,0.31681776022499475,0.07075217664482542,0.2087260269874039,Yonne,Bourgogne-Franche-Comté,45,27.1,8.4,32.0
90,14.216666666666667,4629,89079,1447,326,14,43793,45286,17448,7199,20020,18492,4680,2868,18372,21887,19170,27363,5283,15376,0.20624389586771294,0.19587108072609705,0.0525376351328596,0.08081590498321714,0.22474432806834382,0.20759101471727343,0.03219614050449601,0.5083802018433077,0.4916197981566924,0.003024411319939512,0.0704255778785915,0.3125945128537481,0.24570325216942265,0.21520223621729026,0.3071767756710336,0.05930690735190112,0.17261082859035237,Territoire de Belfort,Bourgogne-Franche-Comté,233,21.8,9.9,43.3
91,16.906,66111,1154482,17198,4335,185,560293,594189,300295,87249,221681,312290,53573,42336,137058,321507,226549,390108,60370,155948,0.11871817836917337,0.260112327433429,0.04640436143655769,0.0755741536030878,0.1920177187691103,0.2705022685498778,0.03667099183876405,0.5146801769105105,0.4853198230894895,0.0027983240307966903,0.06557153877569542,0.2601382523331972,0.2784859356837092,0.19623432846939146,0.33790739050067475,0.05229185037098889,0.13508049497523564,Essonne,Île-de-France,719,23.2,7.0,47.5
92,21.891428571428573,131364,1564724,28498,8391,758,744175,820549,364423,113388,285782,387912,73687,67802,271730,398025,336132,538206,77620,214741,0.1736600192749648,0.232899220565416,0.04709265020540364,0.07246517596713542,0.18264051679401608,0.24791081366426285,0.04333160352880124,0.5244049429803594,0.4755950570196405,0.005770226241588259,0.06387594774824153,0.21693919186382876,0.2543739343168508,0.21481871563291674,0.343962257880623,0.04960619252980078,0.13723889963980868,Hauts-de-Seine,Île-de-France,9200,17.9,7.0,71.1
93,13.765,100131,1537844,26465,5473,282,750263,787581,407044,148632,218685,392624,86560,93643,190656,450166,338031,509067,73981,166599,0.12397616403224254,0.2646848444965809,0.05628659343860626,0.0966495951474922,0.14220233001526814,0.25530808066357835,0.060892392206231584,0.5121332202746183,0.4878667797253818,0.0028163106330706773,0.05465839749927595,0.2643037620716861,0.2927253999755502,0.2198083810841672,0.33102642400659626,0.048106960133797706,0.10833283479988867,Seine-Saint-Denis,Île-de-France,6918,28.8,11.7,41.0
94,16.825531914893617,82894,1335652,21668,5150,263,639846,695806,317860,109528,235149,334176,68899,69722,200318,348110,281716,453730,69018,183078,0.14997768879917822,0.23798115077879567,0.05158454447715423,0.0820033960941922,0.17605558933015486,0.25019690757772234,0.052200722942802466,0.5209485704360117,0.4790514295639882,0.0031727266147127658,0.062127536371751876,0.2613940695345863,0.2606292657069356,0.21092020975523565,0.3397067499618164,0.05167363954083848,0.13707013503517385,Val-de-Marne,Île-de-France,5702,20.8,8.1,56.1
95,16.354320987654322,63961,1116501,16577,3834,136,540913,575588,309562,90302,186297,310580,54242,46489,119029,322224,228835,374058,58952,132432,0.10660895064133395,0.27726083541349267,0.04858213293136325,0.08087946181866384,0.16685788906593008,0.27817261247414915,0.04163811765506704,0.5155284231720347,0.4844715768279652,0.002126295711449164,0.059942777630118356,0.25917355888744703,0.2886016223899486,0.20495727276554163,0.335027017441095,0.05280066923361466,0.11861341816980012,Val-d'Oise,Île-de-France,994,23.7,9.2,45.2
971,13.061538461538463,46484,382777,7614,1271,14,175934,206843,66880,69299,53350,74293,42059,21590,55306,107079,55521,138472,23127,58578,0.14448621521146776,0.17472314167256653,0.1098785977213887,0.18104274812749982,0.13937619031446508,0.19408950903528688,0.05640359791732523,0.5403746829093702,0.4596253170906298,0.0003011789002667585,0.027342741588503573,0.16379829618793562,0.27974251326490357,0.14504789995219147,0.3617563228720639,0.060418990691708224,0.15303427321913282,Guadeloupe,Guadeloupe,238,23.3,20.9,34.4
972,13.08148148148148,38049,366755,6908,1231,20,168827,197928,57762,68097,54833,66576,42550,21095,55842,91870,52609,135265,23197,63814,0.1522596828945754,0.15749478534716638,0.11601750487382585,0.1856743602677537,0.1495085274911044,0.18152717754359177,0.057517961581982524,0.5396736240814712,0.4603263759185287,0.0005256379931141423,0.03235301847617546,0.18155536282162474,0.2504941991247563,0.1434445338168532,0.36881569440089434,0.06324930812122534,0.17399626453627082,Martinique,Martinique,327,23.6,15.5,36.8
973,14.2125,13684,193732,2831,545,0,92653,101079,46354,41605,16744,37981,17604,19119,14325,82386,39357,56287,6169,9533,0.07394235335411806,0.23926868044515104,0.09086779675014969,0.21475543534367064,0.08642867466396878,0.196049181343299,0.0986878780996428,0.5217465364524188,0.4782534635475812,0.0,0.039827535808243206,0.20688395206080093,0.4252575723163958,0.20315177668118845,0.2905405405405405,0.03184295831354655,0.04920715214832862,Guyane,Guyane,3,52.5,18.6,21.0
974,12.226086956521739,53293,828203,12794,2425,34,399940,428263,200131,122403,107534,208558,68614,41009,79954,266315,156413,287229,38047,80199,0.09653913352161246,0.24164486243107064,0.08284683827515718,0.14779347575413274,0.12984014788644813,0.2518199040573386,0.049515638074240254,0.5170990687065852,0.48290093129341477,0.0006379824742461487,0.045503161766085605,0.24006905222074193,0.32155763743913024,0.18885828715906608,0.34680990047126126,0.04593922021533368,0.09683495471520871,La Réunion,La Réunion,342,31.0,21.3,30.2
